{
  "metrics": {
    "MSE": 8831.096511047414,
    "RMSE": 93.97391399238096,
    "MAE": 74.58027947944993,
    "R2_Score": 0.5076218476595068,
    "MAPE": 132.9279504435098,
    "Mean_Error": -27.418836122482134,
    "Max_Error": 259.9936828613281,
    "Explained_Variance": 0.5495380738291278,
    "Prediction_Std": "92.40904",
    "True_Std": 133.923850790224
  },
  "data_info": {
    "n_samples": 1927,
    "true_mean": 213.5199792423456,
    "true_std": 133.923850790224,
    "true_min": 1.0,
    "true_max": 491.0,
    "pred_mean": "186.10114",
    "pred_std": "92.40904",
    "pred_min": "8.650763",
    "pred_max": "384.01782"
  },
  "model_info": {
    "total_parameters": 26337,
    "architecture": "CNN with 5 conv layers + layer normalization",
    "input_shape": "30x30x3",
    "optimizer": "Adam",
    "loss_function": "Mean Absolute Error",
    "batch_size": 256,
    "max_epochs": 100
  },
  "training_history": {
    "final_loss": 0.03416498005390167,
    "best_loss": 0.033988334238529205,
    "final_mse": 0.0017171159852296114,
    "best_mse": 0.4863206148147583,
    "final_mae": 0.03416498005390167,
    "best_mae": 0.4308485686779022,
    "final_val_loss": 0.03663213178515434,
    "best_val_loss": 0.03384086489677429,
    "final_val_mse": 0.0018639679765328765,
    "best_val_mse": 0.011160552501678467,
    "final_val_mae": 0.03663213178515434,
    "best_val_mae": 0.0873904824256897,
    "final_lr": "0.00025",
    "best_lr": "0.001"
  },
  "error_analysis": {
    "error_percentiles": {
      "50th": 66.90773010253906,
      "75th": 108.87592315673828,
      "90th": 144.53189697265628,
      "95th": 201.41697082519516,
      "99th": 226.26682342529298
    },
    "percentage_error_percentiles": {
      "50th": 30.707183251014126,
      "75th": 41.609659417779085,
      "90th": 190.2209906589179,
      "95th": 397.8107192240593,
      "99th": 1839.1083875802851
    }
  }
}