{
  "loss": [
    0.3201591670513153,
    0.05009334906935692,
    0.05052155256271362,
    0.05420239642262459,
    0.051536429673433304,
    0.06869996339082718,
    0.04966675117611885,
    0.05415749177336693,
    0.0625421330332756,
    0.05185339227318764,
    0.043631330132484436,
    0.04473785683512688,
    0.056575957685709,
    0.03743584454059601,
    0.039809904992580414,
    0.03843256086111069,
    0.037654388695955276,
    0.03687537461519241,
    0.03950168192386627,
    0.04178513586521149,
    0.038271673023700714,
    0.04254073649644852,
    0.03672267124056816,
    0.03916117176413536,
    0.03882565721869469,
    0.0370589904487133,
    0.040543824434280396,
    0.03723527491092682,
    0.03712887316942215,
    0.03827878087759018,
    0.03843281418085098,
    0.04659699648618698,
    0.046248242259025574,
    0.049087051302194595
  ],
  "mse": [
    0.36930522322654724,
    0.0037042563781142235,
    0.0037933962885290384,
    0.004464617930352688,
    0.00408342108130455,
    0.007343869190663099,
    0.0038125093560665846,
    0.004436219576746225,
    0.006017401348799467,
    0.004087808076292276,
    0.002915607765316963,
    0.003096794243901968,
    0.004941957537084818,
    0.002124182414263487,
    0.0024295966140925884,
    0.002251438796520233,
    0.0021462130825966597,
    0.0020682341419160366,
    0.002376527525484562,
    0.002653722884133458,
    0.0022130191791802645,
    0.002767315600067377,
    0.0020238079596310854,
    0.0023133077193051577,
    0.0023045907728374004,
    0.0020509406458586454,
    0.0025010458193719387,
    0.0021094661206007004,
    0.0020942126866430044,
    0.0022294442169368267,
    0.002226227195933461,
    0.0033362412359565496,
    0.003277471987530589,
    0.0036684642545878887
  ],
  "mae": [
    0.3201591670513153,
    0.05009334906935692,
    0.05052155256271362,
    0.05420239642262459,
    0.051536429673433304,
    0.06869996339082718,
    0.04966675117611885,
    0.05415749177336693,
    0.0625421330332756,
    0.05185339227318764,
    0.043631330132484436,
    0.04473785683512688,
    0.056575957685709,
    0.03743584454059601,
    0.039809904992580414,
    0.03843256086111069,
    0.037654388695955276,
    0.03687537461519241,
    0.03950168192386627,
    0.04178513586521149,
    0.038271673023700714,
    0.04254073649644852,
    0.03672267124056816,
    0.03916117176413536,
    0.03882565721869469,
    0.0370589904487133,
    0.040543824434280396,
    0.03723527491092682,
    0.03712887316942215,
    0.03827878087759018,
    0.03843281418085098,
    0.04659699648618698,
    0.046248242259025574,
    0.049087051302194595
  ],
  "val_loss": [
    0.05087859183549881,
    0.05264030396938324,
    0.06799114495515823,
    0.05547014996409416,
    0.04360682889819145,
    0.05096038803458214,
    0.05455875024199486,
    0.08534105867147446,
    0.07829789817333221,
    0.03808343783020973,
    0.040661897510290146,
    0.042371898889541626,
    0.03630300611257553,
    0.06475865095853806,
    0.06412515789270401,
    0.055516064167022705,
    0.03493377938866615,
    0.0362204946577549,
    0.03888203948736191,
    0.03544303774833679,
    0.035527437925338745,
    0.03539872169494629,
    0.03472079709172249,
    0.03436996415257454,
    0.03792065382003784,
    0.035394586622714996,
    0.03628051280975342,
    0.041801027953624725,
    0.03467358648777008,
    0.03904758393764496,
    0.05580618977546692,
    0.07904789596796036,
    0.04980932176113129,
    0.03766554221510887
  ],
  "val_mse": [
    0.003686297219246626,
    0.004320814739912748,
    0.006363559979945421,
    0.0042351228184998035,
    0.0028313861694186926,
    0.0035683962050825357,
    0.004108842927962542,
    0.009290636517107487,
    0.007972716353833675,
    0.00219343532808125,
    0.002612681593745947,
    0.002615963341668248,
    0.0019343765452504158,
    0.005833728704601526,
    0.0057111685164272785,
    0.004536495544016361,
    0.0017282423796132207,
    0.0018962934846058488,
    0.0022564339451491833,
    0.0017693915870040655,
    0.0018311240710318089,
    0.0017853565514087677,
    0.0017143938457593322,
    0.0016740646678954363,
    0.002069893991574645,
    0.0017603085143491626,
    0.0018929067300632596,
    0.002710093045607209,
    0.001654734369367361,
    0.00236698379740119,
    0.00448788795620203,
    0.007915864698588848,
    0.0036872343625873327,
    0.00208165287040174
  ],
  "val_mae": [
    0.05087859183549881,
    0.05264030396938324,
    0.06799114495515823,
    0.05547014996409416,
    0.04360682889819145,
    0.05096038803458214,
    0.05455875024199486,
    0.08534105867147446,
    0.07829789817333221,
    0.03808343783020973,
    0.040661897510290146,
    0.042371898889541626,
    0.03630300611257553,
    0.06475865095853806,
    0.06412515789270401,
    0.055516064167022705,
    0.03493377938866615,
    0.0362204946577549,
    0.03888203948736191,
    0.03544303774833679,
    0.035527437925338745,
    0.03539872169494629,
    0.03472079709172249,
    0.03436996415257454,
    0.03792065382003784,
    0.035394586622714996,
    0.03628051280975342,
    0.041801027953624725,
    0.03467358648777008,
    0.03904758393764496,
    0.05580618977546692,
    0.07904789596796036,
    0.04980932176113129,
    0.03766554221510887
  ],
  "lr": [
    "0.001",
    "0.001",
    "0.001",
    "0.001",
    "0.001",
    "0.001",
    "0.001",
    "0.001",
    "0.001",
    "0.001",
    "0.001",
    "0.001",
    "0.001",
    "0.001",
    "0.001",
    "0.001",
    "0.001",
    "0.001",
    "0.001",
    "0.001",
    "0.001",
    "0.001",
    "0.001",
    "0.001",
    "0.001",
    "0.001",
    "0.001",
    "0.001",
    "0.001",
    "0.001",
    "0.001",
    "0.001",
    "0.001",
    "0.001"
  ]
}