{
  "loss": [
    0.4308485686779022,
    0.05551150441169739,
    0.05153585970401764,
    0.05057838559150696,
    0.050953105092048645,
    0.05131988227367401,
    0.04662356153130531,
    0.05286072939634323,
    0.06192473694682121,
    0.04868851229548454,
    0.046600017696619034,
    0.04027537629008293,
    0.05105479434132576,
    0.04063265398144722,
    0.03824958577752113,
    0.03943975269794464,
    0.038257814943790436,
    0.03889039158821106,
    0.036549944430589676,
    0.03733653575181961,
    0.039012689143419266,
    0.03852823004126549,
    0.03746725618839264,
    0.03638550266623497,
    0.03751193732023239,
    0.03640994802117348,
    0.038419369608163834,
    0.03765368461608887,
    0.03580286726355553,
    0.03544699400663376,
    0.03661432862281799,
    0.03511609882116318,
    0.0361349880695343,
    0.03519408777356148,
    0.036242786794900894,
    0.03593331575393677,
    0.03457523509860039,
    0.03609281778335571,
    0.03756636008620262,
    0.03533697873353958,
    0.03517800569534302,
    0.035469457507133484,
    0.03661549091339111,
    0.034313030540943146,
    0.03522384911775589,
    0.0354381799697876,
    0.035239871591329575,
    0.03442126512527466,
    0.034450214356184006,
    0.03465880826115608,
    0.034871574491262436,
    0.033988334238529205,
    0.034602418541908264,
    0.03416498005390167
  ],
  "mse": [
    0.4863206148147583,
    0.00466287462040782,
    0.003965124022215605,
    0.0037965180817991495,
    0.0039060430135577917,
    0.0039122686721384525,
    0.0032582650892436504,
    0.004561545792967081,
    0.005959398113191128,
    0.0037543964572250843,
    0.0032918411307036877,
    0.0024803560227155685,
    0.004085666500031948,
    0.0025176943745464087,
    0.0022018153686076403,
    0.0023643160238862038,
    0.0021964875049889088,
    0.002270890399813652,
    0.002005170565098524,
    0.0021081226877868176,
    0.0023219252470880747,
    0.0022654233034700155,
    0.00210562814027071,
    0.001972230849787593,
    0.002138605574145913,
    0.0019819475710392,
    0.0022332172375172377,
    0.002147059887647629,
    0.0018927202327176929,
    0.0018594813300296664,
    0.0019761391449719667,
    0.0018207947723567486,
    0.0019466954981908202,
    0.0018371830228716135,
    0.0019450006075203419,
    0.0019265309674665332,
    0.0017592451767995954,
    0.0019310923526063561,
    0.0021097813732922077,
    0.001849271124228835,
    0.0018291256856173277,
    0.0018626372329890728,
    0.002007771749049425,
    0.0017349191475659609,
    0.0018422597786411643,
    0.001857014955021441,
    0.0018399374093860388,
    0.001738935592584312,
    0.0017435625195503235,
    0.0017680124146863818,
    0.0018090802477672696,
    0.0016925964737311006,
    0.0017562408465892076,
    0.0017171159852296114
  ],
  "mae": [
    0.4308485686779022,
    0.05551150441169739,
    0.05153585970401764,
    0.05057838559150696,
    0.050953105092048645,
    0.05131988227367401,
    0.04662356153130531,
    0.05286072939634323,
    0.06192473694682121,
    0.04868851229548454,
    0.046600017696619034,
    0.04027537629008293,
    0.05105479434132576,
    0.04063265398144722,
    0.03824958577752113,
    0.03943975269794464,
    0.038257814943790436,
    0.03889039158821106,
    0.036549944430589676,
    0.03733653575181961,
    0.039012689143419266,
    0.03852823004126549,
    0.03746725618839264,
    0.03638550266623497,
    0.03751193732023239,
    0.03640994802117348,
    0.038419369608163834,
    0.03765368461608887,
    0.03580286726355553,
    0.03544699400663376,
    0.03661432862281799,
    0.03511609882116318,
    0.0361349880695343,
    0.03519408777356148,
    0.036242786794900894,
    0.03593331575393677,
    0.03457523509860039,
    0.03609281778335571,
    0.03756636008620262,
    0.03533697873353958,
    0.03517800569534302,
    0.035469457507133484,
    0.03661549091339111,
    0.034313030540943146,
    0.03522384911775589,
    0.0354381799697876,
    0.035239871591329575,
    0.03442126512527466,
    0.034450214356184006,
    0.03465880826115608,
    0.034871574491262436,
    0.033988334238529205,
    0.034602418541908264,
    0.03416498005390167
  ],
  "val_loss": [
    0.0873904824256897,
    0.05179378017783165,
    0.051496103405952454,
    0.05033000931143761,
    0.05013749748468399,
    0.046507176011800766,
    0.04827755689620972,
    0.07041385024785995,
    0.04828530550003052,
    0.040473442524671555,
    0.03854028508067131,
    0.04233714938163757,
    0.07550821453332901,
    0.035330336540937424,
    0.03706422448158264,
    0.056363578885793686,
    0.03833906352519989,
    0.03435111045837402,
    0.042050134390592575,
    0.04592941701412201,
    0.04226939380168915,
    0.03888219967484474,
    0.034777771681547165,
    0.03515972942113876,
    0.03584150969982147,
    0.03597389906644821,
    0.042300883680582047,
    0.034277815371751785,
    0.03686663135886192,
    0.03526187315583229,
    0.03922149911522865,
    0.03444056957960129,
    0.03508144989609718,
    0.03431997448205948,
    0.042218174785375595,
    0.0343146026134491,
    0.033858772367239,
    0.03429536148905754,
    0.037418946623802185,
    0.03402512148022652,
    0.035254549235105515,
    0.03610992059111595,
    0.035941705107688904,
    0.03384086489677429,
    0.033878665417432785,
    0.034297876060009,
    0.037487324327230453,
    0.036111265420913696,
    0.03391085937619209,
    0.03414112702012062,
    0.033941201865673065,
    0.03476386144757271,
    0.03578789532184601,
    0.03663213178515434
  ],
  "val_mse": [
    0.011160552501678467,
    0.0037418361753225327,
    0.0036926381289958954,
    0.0035379650071263313,
    0.003496229648590088,
    0.00313895964063704,
    0.0038464274257421494,
    0.006675800308585167,
    0.003163654124364257,
    0.0022471528500318527,
    0.0023222353775054216,
    0.002590042306110263,
    0.007493725046515465,
    0.001737805549055338,
    0.0019877911545336246,
    0.004590891767293215,
    0.002169286832213402,
    0.001652010134421289,
    0.0026297015137970448,
    0.0032145867589861155,
    0.002732522552832961,
    0.0022436734288930893,
    0.0016670410986989737,
    0.0016824076883494854,
    0.00175075966399163,
    0.0019003761699423194,
    0.0027417209930717945,
    0.0016109017888084054,
    0.0018870860803872347,
    0.0018470610957592726,
    0.0022669804748147726,
    0.00161175022367388,
    0.001828067353926599,
    0.0016790461959317327,
    0.002810585079714656,
    0.001601184019818902,
    0.0015782777918502688,
    0.0016052273567765951,
    0.001999404514208436,
    0.0016075802268460393,
    0.0017631816444918513,
    0.0018449202179908752,
    0.0017873004544526339,
    0.0015873184893280268,
    0.0015979688614606857,
    0.0015907579800114036,
    0.001980108441784978,
    0.0017495043575763702,
    0.00162252108566463,
    0.001572011737152934,
    0.0015653513837605715,
    0.0016373528633266687,
    0.0017495905049145222,
    0.0018639679765328765
  ],